sequence,mods,mod_sites,charge,rt,nce,instrument,nAA,rt_norm,rt_pred,rt_pred_mean,rt_pred_std,rt_pred_lower,rt_pred_upper,abs_error,rel_error
AAEPRWSSHQR,,,3,13.638,30,QE,11,5.593840490246692,0.13428662717342377,0.11299387117226918,0.05892884539152787,-0.002506665795125443,0.22849440813966382,5.480846619074423,97.9800305108935
AALASSLIRQK,,,2,27.551,30,QE,11,36.824620081258836,0.35451221466064453,0.2877017805973689,0.047532021494335934,0.19453901846847046,0.38086454272626735,36.53691830066147,99.21872437526169
AATFVLHNCKK,,,2,18.319,30,QE,11,16.101371523490986,0.2458614557981491,0.21495317916075388,0.03586218980346267,0.14466328714596705,0.2852430711755407,15.886418344330233,98.66500081159454
ADRPRPLTVGK,,,3,27.72,30,QE,11,37.20397764259579,0.1894005388021469,0.16229531168937683,0.05143725125830965,0.06147829922308992,0.26311232415566377,37.04168233090641,99.56376892479486
ADTIAKNELHK,,,3,14.568,30,QE,11,7.68142943724887,0.15678253769874573,0.14040532211462656,0.05235097966235531,0.037797401976410155,0.24301324225284296,7.541024115134243,98.17214591032013
ADTISKSELHK,,,3,14.23,30,QE,11,6.922714314574961,0.1528359204530716,0.13262568910916647,0.05249729837767857,0.02973098428891649,0.23552039392941646,6.790088625465795,98.08419525806606
AELIRAFGLDR,,,2,39.319,30,QE,11,63.24047677837888,0.5948184728622437,0.49635446071624756,0.10957006904331758,0.28159712539134507,0.71111179604115,62.74412231766263,99.21513169096482
AELTRLANTFR,,,2,33.777,30,QE,11,50.800242429684175,0.4914020299911499,0.40402798851331073,0.07884179261438395,0.2494980749891182,0.5585579020375033,50.39621444117086,99.20467310943928
AETPQATARPK,,,2,11.558,30,QE,11,0.924824350714941,0.12787629663944244,0.10904950400193532,0.06064383267506802,-0.009812408041197998,0.22791141604506865,0.8157748467130056,88.20862535489749
AETRCEPFTMK,,,3,24.435,30,QE,11,29.83007474915261,0.30958133935928345,0.26028204957644147,0.035342319593836845,0.19101110317252123,0.3295529959803617,29.56979269957617,99.12745089723975
AEVNARDDDFK,,,2,18.094,30,QE,11,15.596309681474333,0.19302816689014435,0.16774370769659677,0.043539429703654944,0.08240642547743308,0.25308098991576045,15.428565973777737,98.92446539519636
AFEEAYARADK,,,2,21.076,30,QE,11,22.290062627668412,0.25532054901123047,0.22161664565404257,0.02744659768585069,0.16782131418977522,0.2754119771183099,22.06844598201437,99.0057603275688
AFLFYGKQDFR,,,3,39.556,30,QE,11,63.77247525196973,0.6114725470542908,0.5108189781506857,0.11486982348970139,0.28567412411087095,0.7359638321905004,63.26165627381904,99.19899772412407
AFLYEIIDIGK,,,2,54.095,30,QE,11,96.40844912343711,0.8359910845756531,0.7185165087381998,0.18356243935441258,0.35873412760355117,1.0782988898728485,95.6899326146989,99.25471624606445
AFQRILIDHLR,,,3,34.716,30,QE,11,52.90803385036701,0.5061800479888916,0.4140378435452779,0.07364473698762555,0.2696941590495318,0.558381528041024,52.49399600682173,99.21743861297841
AFSDEFSYFFK,,,2,53.812,30,QE,11,95.77319356214504,0.7906386852264404,0.6878967881202698,0.18360518755031233,0.3280306205216576,1.047762955718882,95.08529677402477,99.2817439175463
AGAWELRFSYR,,,3,39.556,30,QE,11,63.77247525196973,0.5955346822738647,0.4957808454831441,0.11235859394403691,0.27555800135283176,0.7160036896134565,63.276694406486584,99.22257863831648
AGDEALGDTYK,,,2,22.127,30,QE,11,24.64926260971065,0.2620527148246765,0.23253307243188223,0.026046035037938845,0.1814828437575221,0.28358330110624236,24.41672953727877,99.05663274348713
AGTRCSAIGFR,,,3,21.909,30,QE,11,24.15991380277896,0.2735722064971924,0.22684317330519357,0.03584239588184296,0.15659207737678138,0.29709426923360577,23.933070629473765,99.06107623083034
AHGGHILYRPK,,,3,13.74,30,QE,11,5.822801858627577,0.14095252752304077,0.11838469405968984,0.062183820861138,-0.003495594828140644,0.2402649829475203,5.704417164567888,97.96687751130875
AHPAPRYRPVR,,,3,11.726,30,QE,11,1.3019371927540462,0.12039373815059662,0.10492710769176483,0.05959335327831124,-0.011875864733725192,0.22173008011725487,1.1970100850622813,91.94069358524064
AHTGEKSYICR,,,3,13.383,30,QE,11,5.021437069294481,0.132520854473114,0.10940936207771301,0.061235980321326274,-0.010613159352086482,0.2294318835075125,4.912027707216768,97.82115437139024
AINEPSNVRAK,,,2,14.944,30,QE,11,8.52544389324115,0.14697065949440002,0.12093308568000793,0.06339378516331652,-0.00331873324009245,0.24518490460010833,8.404510807561142,98.58150394050588
AKGYQLLEEEK,,,3,26.638,30,QE,11,34.77519136232014,0.34568697214126587,0.2994052569071452,0.03419022063355938,0.2323924244653688,0.3664180893489216,34.475786105413,99.13902628518227
AKVTEFGCGTR,,,3,18.763,30,QE,11,17.098026891737188,0.22665809094905853,0.20333196222782135,0.0309231839787294,0.1427225216295117,0.263941402826131,16.894694929509367,98.81078697843151
ALAEAEEGQRR,,,2,13.383,30,QE,11,5.021437069294481,0.14638184010982513,0.12736078600088754,0.05414846901574464,0.021229786730028052,0.23349178527174702,4.894076283293593,97.4636586251437
ALCILTKDDFR,,,3,36.831,30,QE,11,57.65561516532358,0.564699113368988,0.4649039606253306,0.09739944307201086,0.27400105220418935,0.6558068690464719,57.19071120469825,99.19365362889245
ALELSRQETNR,,,2,19.546,30,QE,11,18.855642101955148,0.2155226767063141,0.18778271973133087,0.03319931003692407,0.12271207205895969,0.25285336740370207,18.667859382223817,99.00410328793916
ALFSSITDSEK,,,2,37.046,30,QE,11,58.13822981436171,0.5483587980270386,0.45814313491185504,0.10060175262398507,0.26096369976884426,0.6553225700548658,57.68008667944985,99.21197611902748
ALPMHIR,,,2,55.695,30,QE,7,100.0,0.36132848262786865,0.30423564712206524,0.04400365024726003,0.21798849263743558,0.3904828016066949,99.69576435287793,99.69576435287793
ALVKGLHDSQR,,,3,15.847,30,QE,11,10.552425419201326,0.1651931256055832,0.14421747624874115,0.0474300261990601,0.051254624898583345,0.23718032759889895,10.408207942952584,98.63332389929693
ALVPPPRLPTK,,,3,31.74,30,QE,11,46.22774921996004,0.4720485806465149,0.39169737696647644,0.07375429715542758,0.24713895454183837,0.5362557993911146,45.83605184299356,99.15267910816357
ALVQALVPRER,,,2,33.321,30,QE,11,49.776650429863736,0.4901154637336731,0.41369421283404034,0.07179869593505873,0.27296876880132526,0.5544196568667554,49.3629562170297,99.16889905354932
ANQLQHFEKQK,,,3,16.123,30,QE,11,11.171967945408428,0.1610858291387558,0.14053443570931753,0.052067684816863885,0.03848177346826433,0.24258709795037076,11.03143350969911,98.7420798520365
APKLMIYEGNK,,,3,29.246,30,QE,11,40.62941929111764,0.3922557234764099,0.34350239237149555,0.04373653341802523,0.2577787868721661,0.429225997870825,40.285916898746144,99.15454762001337
AQHPQKTHHGK,,,2,52.61,30,QE,11,93.07504096612719,0.11160796880722046,0.13757300873597464,0.018382900332114153,0.1015425240850309,0.17360349338691838,92.93746795739122,99.85219129929146
AQLIQHQRTER,,,3,12.348,30,QE,11,2.698152596017868,0.12271203100681305,0.10170728464921315,0.06306201576770848,-0.021894266255495468,0.22530883555392178,2.5964453113686545,96.23048433956922
ARAQLGYAPDK,,,3,18.48,30,QE,11,16.46277133044513,0.21105337142944336,0.175450066725413,0.04270274148528836,0.09175269341424781,0.2591474400365782,16.287321263719715,98.9342616549563
ARSLDSDLCLK,,,2,32.809,30,QE,11,48.62735414936362,0.36895716190338135,0.2974887688954671,0.051200500233242754,0.1971357884383113,0.3978417493526229,48.32986538046815,99.38822752317203
ASDLLSGYYIK,,,2,41.063,30,QE,11,67.15526723383242,0.6267319917678833,0.5353848338127136,0.1227276483226736,0.29483864310027336,0.7759310245251538,66.6198824000197,99.20276568634814
ASLHRFLGQNK,,,3,20.606,30,QE,11,21.235044557678066,0.207083061337471,0.16162934402624765,0.056859836938452576,0.050184063626880604,0.2730746244256147,21.073415213651817,99.23885563984933
ASPRPKIIWLK,,,3,32.697,30,QE,11,48.37594558800423,0.4397370517253876,0.3659646511077881,0.05668622196469326,0.2548596560569893,0.4770696461585869,48.00998093689644,99.24349871271862
ATPPTREEPGK,,,2,11.146,30,QE,11,0.0,0.12841129302978516,0.10833940903345744,0.05796006797734676,-0.0052623242021422045,0.2219411422690571,0.10833940903345744,inf
ATSLKEGTIAK,,,2,16.787,30,QE,11,12.66246155918202,0.17609117925167084,0.156625305612882,0.04979796726976447,0.05902128976414363,0.25422932146162036,12.505836253569138,98.76307379192549
AVEQVKNAFNK,,,3,20.797,30,QE,11,21.663785943567756,0.2840389013290405,0.2517968813578288,0.026004588094685806,0.2008278886922446,0.302765874023413,21.411989062209926,98.83770601309607
AVKNYHINNCR,,,3,12.725,30,QE,11,3.5444117713079955,0.1326000690460205,0.10221335291862488,0.06215567014266542,-0.019611760560999336,0.2240384663982491,3.4421984183893706,97.11621110882088
AWADPATPRPR,,,3,23.101,30,QE,11,26.835619205818308,0.3284723162651062,0.28276626765727997,0.03375091076806858,0.21661448255186555,0.3489180527626944,26.552852938161028,98.94630242928781
